Start,End,Open,High,Low,Close,Volume,Market Cap
2023-07-03,2023-07-05,15.857685042795696,15.922887483559887,15.855471397011664,15.735885510596448,24724940.086438715,307317598.1180541
2023-06-26,2023-07-03,16.078570998858126,16.408945431563495,16.19313130025129,16.481814400204776,28343215.89321992,315372427.9159911
2023-06-19,2023-06-26,15.300695670653568,18.02843721215878,15.385201558530355,17.58390758133215,35155425.096966825,325198905.55058336
2023-06-12,2023-06-19,14.7893274949387,15.2242227786575,14.424424654850313,15.116155881815502,23695045.446447045,288806179.44215477
2023-06-05,2023-06-12,14.33870796672629,14.43010670213121,14.2230514714639,14.302234142317076,21631146.66003641,275321305.5545984
2023-05-29,2023-06-05,14.759496360138435,14.797861723182644,14.16757982952779,14.342469322692635,19620462.959425382,279871000.80414903
2023-05-22,2023-05-29,14.778388049390175,15.402371043268886,14.434488756389353,15.42441060052606,20524434.828830745,285961039.2634184
2023-05-15,2023-05-22,14.934034977731484,14.97796812022036,14.789856081230152,14.69893778949135,20145050.00104333,287393821.9369183
2023-05-08,2023-05-15,15.074703062408613,15.083313933322394,14.205027482371346,14.459142754408985,19795043.7738897,283492115.59189796
2023-05-01,2023-05-08,15.598327695056513,15.796472395843443,15.290943640654215,15.53079594766137,22948953.53058678,301921959.6191319
2023-04-24,2023-05-01,14.843477255497588,15.902811713363684,14.933827218166256,15.911200741531895,24736052.332315788,299078123.44296616
2023-04-17,2023-04-24,14.29901344558174,14.358486057387061,13.167053488528857,13.288991048853903,20247338.062885936,267185673.1447157
2023-04-10,2023-04-17,15.263001533362132,16.159466253007075,15.272047208895007,15.88151558488207,21016408.85882789,309190358.7248147
2023-04-03,2023-04-10,15.702227319282356,15.650845905844525,15.53020722932888,15.665067719411544,18079304.920824304,301955365.92440575
2023-03-27,2023-04-03,15.787191247194391,16.39037678879519,15.707448129568586,16.432684545307,22146965.005916975,309780926.0219701
2023-03-20,2023-03-27,15.66791344567924,15.920697462003023,15.442542215808464,16.15126556120033,33789876.11103637,303987823.7093348
2023-03-13,2023-03-20,13.848378433520821,16.719440975219893,13.869814405842249,16.632974835756155,52142860.73075355,297945230.65238094
2023-03-06,2023-03-13,14.33604341032115,14.286483221013752,12.579006726221944,14.014390023668268,29025189.87500478,263705795.73430303
2023-02-27,2023-03-06,14.351529021991306,14.362480896352436,13.753778118007302,13.734093742666962,23582298.054847814,270711043.10777617
2023-02-20,2023-02-27,14.444010937177104,14.61119616036109,13.777825287987525,13.826843363863063,31462565.396624696,271883473.072769
2023-02-13,2023-02-20,14.28212768758377,16.465909209765947,14.534236977337725,16.065095911159524,46529275.89249008,297006698.6472872
2023-02-06,2023-02-13,13.999193322856996,14.064344828335004,13.284984553016775,13.407629743264845,44269276.95998849,262983424.9509627
2023-01-30,2023-02-06,14.307617012004151,14.605767046346223,14.574240040614912,14.53606829771086,47413266.051367864,278406572.21334815
2023-01-23,2023-01-30,13.93209927233056,14.543314335244691,13.842171958627782,14.567954630984302,46050398.507645816,270260387.44705033
2023-01-16,2023-01-23,13.441086483301191,14.588231578177195,13.38204728346256,14.401188016334727,44349155.865204826,264728220.36518145
2023-01-09,2023-01-16,13.286112430370945,15.729738819119252,13.3007454110068,15.769348263443753,46727628.174485214,270052446.93594277
2023-01-02,2023-01-09,13.832456697282487,13.981529040858724,13.848871670036944,14.055341157516477,25644555.85463988,266335968.95174178
2022-12-26,2023-01-02,13.800073926154472,13.817390495818014,13.490759849341982,13.527461144906617,26537570.8348532,262724922.62521657
2022-12-19,2022-12-26,14.105196071145299,14.206505680239845,14.096204881124228,14.396136094619287,27896785.94206836,272524980.2011564
2022-12-12,2022-12-19,13.528238032738166,14.359715282311946,13.305960522494333,13.141617458122461,32435775.6111589,263281029.78719756
2022-12-05,2022-12-12,13.3725305394402,13.349171653638395,13.39953913256456,13.5743580780403,23882005.513089076,256277635.00470686
2022-11-28,2022-12-05,13.753221204428161,14.351045820768556,13.886617995179012,14.64762315653188,33468450.65497202,273916573.1152957
2022-11-21,2022-11-28,14.244413852938036,14.675185720957648,14.378552559509446,14.825426688891366,42365005.02548882,279890737.07821375
2022-11-14,2022-11-21,13.346383375007415,13.320575454144244,13.409457549356315,13.11085103435736,42309804.15743077,259385278.66382322
2022-11-07,2022-11-14,13.299920594062463,13.119142850783684,10.09919386287449,10.42583623163016,63433593.37497508,221657684.7506472
2022-10-31,2022-11-07,12.976749944904485,13.154373047298934,12.924499963796768,13.289704967361912,47056320.365949884,250585990.73960468
2022-10-24,2022-10-31,14.353027804701835,15.357021580735482,14.463122077962794,15.347020072677086,57345124.420262985,287439305.94839066
2022-10-17,2022-10-24,14.752699228328447,14.722250210048442,14.455767115714677,14.671750077941722,38826929.88415302,280386835.4559891
2022-10-10,2022-10-17,14.69907515978616,14.900643756263902,14.167399022161023,14.917917704754084,42949701.670191266,280359676.1428847
2022-10-03,2022-10-10,14.827640787339723,15.279716287232192,14.865015660697564,14.614456076556895,44375870.72097059,287900706.7430619
2022-09-26,2022-10-03,14.336657435337427,15.029750007675252,14.28608477546569,14.124408772908131,58830628.298434794,277810983.51338387
2022-09-19,2022-09-26,14.251567777397593,13.986064129279725,13.921955915289312,13.462805237654289,55732510.19668733,269977318.59254813
2022-09-12,2022-09-19,12.225875154182923,12.62624824147136,11.214888501391364,11.150332931273006,39214004.19222466,225310152.5695663
2022-09-05,2022-09-12,12.543375969062048,13.32063164918484,11.786913321023649,13.308081917828188,31259325.98253618,241390242.2012282
2022-08-29,2022-09-05,13.558960503649166,13.073578251524381,13.558960503649166,12.742559206338829,34868441.02195608,255163992.2416173
2022-08-22,2022-08-29,13.244367289832221,13.397123829165592,12.711124021942776,12.034726119888534,32326677.903569344,253556744.7422842
2022-08-15,2022-08-22,12.459296977933334,12.431107965750185,10.978020611057703,11.19871290407164,28657976.655443806,226914426.1823921
2022-08-08,2022-08-15,13.572136967567987,13.754591146276235,13.343633973743563,13.61440293734141,37506140.07423561,259758546.37825543
2022-08-01,2022-08-08,13.780922080204581,13.75421898869396,13.864300933655137,14.110322033450556,39558584.37553541,263572284.30656657
2022-07-25,2022-08-01,14.047119107092854,15.222569737940294,14.194493048087013,15.958718101975657,49558625.748747565,282474939.69110584
2022-07-18,2022-07-25,15.43296548572098,15.335769991541872,15.43296548572098,14.300054354301084,55981138.807565466,294170456.00747234
2022-07-11,2022-07-18,17.729485737958335,18.276321882415125,17.25410975902484,18.845405203794567,51000331.76050379,338939860.20788836
2022-07-04,2022-07-11,17.858662443135046,19.179662721460836,18.139896168044817,18.009260733779882,47872487.96668836,358466582.9866374
2022-06-27,2022-07-04,17.44556029932786,17.25369282171145,15.767083072361196,16.055604473268478,35695826.72663807,314190479.4925369
2022-06-20,2022-06-27,18.166062574113955,18.7383096220594,18.467503126179437,18.419612213735373,46913421.4813493,356606114.14485264
2022-06-13,2022-06-20,18.391674468198886,18.412575451241572,14.98125998641759,16.971802234756435,71304158.06750609,322334795.3034379
2022-06-06,2022-06-13,16.453561406000297,16.389965572194328,14.680292736749259,14.270105857640015,30173778.196996044,301590753.79626846
2022-05-30,2022-06-06,16.18126239104597,15.96016302344305,16.14778936959611,14.866200353028752,28002131.949833013,302104811.88199836
2022-05-23,2022-05-30,14.69857733092457,14.563101856375885,14.246259720392464,14.775973303277707,27147934.675109405,272762767.43709373
2022-05-16,2022-05-23,14.568911203382447,14.568911203382447,14.379646092300261,14.940394277213278,27999051.68989905,277429474.2204185
2022-05-09,2022-05-16,13.49807325942675,13.523375211348812,11.953842049987367,13.876757089534955,40569193.914379515,243480261.80680463
2022-05-02,2022-05-09,13.596527020019659,13.888098711270763,12.108211136746283,11.863819849157833,22938556.12191228,251056808.12494063
2022-04-25,2022-05-02,13.47542058754564,13.461895959872077,13.369918713792895,12.76729445718142,21495516.03055181,256213894.99694946
2022-04-18,2022-04-25,13.244023154888605,13.992851868531213,13.35022738222257,12.881727483599015,21848916.479494713,258861200.68439853
2022-04-11,2022-04-18,13.143966132395633,13.179051911679569,13.250898730852045,13.285723817630368,22419562.19614761,248924560.54151192
2022-04-04,2022-04-11,13.178603103204761,13.315669536797058,12.258336725373335,11.994032494849591,21527960.27547239,241836994.8981352
2022-03-28,2022-04-04,14.214275670787616,14.032133530591572,13.520320969843624,13.939040249292987,20104661.71458952,265309001.9103522
2022-03-21,2022-03-28,14.383249690439497,15.830521180194117,14.274246794130416,16.154878884987223,18684489.30384491,281631113.8309708
2022-03-14,2022-03-21,14.980354209230992,16.209140318124597,14.986083879677365,15.8755177543418,20994726.22939415,297549996.09852916
2022-03-07,2022-03-14,14.94383940499483,16.07506698304059,15.122103591809555,15.110614864170193,28174222.47427104,291618972.98669595
2022-02-28,2022-03-07,14.304703498932387,15.331638611105534,14.462880282353124,13.064554772530693,25161721.611114103,286532392.3827783
2022-02-21,2022-02-28,14.562595706304137,14.507766427516785,13.368895234368662,14.653372107727881,28886443.378318742,269409738.66557664
2022-02-14,2022-02-21,14.61446914651136,15.108167089389347,13.369578713194882,13.104774054984796,18230711.03573637,273334967.536313
2022-02-07,2022-02-14,13.873620598049785,14.325808865656159,13.91692915077274,13.414402919082459,20640120.208568115,264815159.62796262
2022-01-31,2022-02-07,14.550994151737054,15.740435763487373,14.572972913267181,15.760506271862242,21774475.108699452,284178362.0426268
2022-01-24,2022-01-31,14.25631062821158,15.297279650648397,15.219916648978698,15.496405431393166,27054398.530930538,292967488.5827998
2022-01-17,2022-01-24,12.852021421864613,12.94355573132222,10.864985186081574,11.269720894954736,21839277.67847782,232705772.38799858
2022-01-10,2022-01-17,13.242124408234492,13.892132878170314,13.453635813234325,13.970680223408236,22206187.032861505,259501246.28621417
2022-01-03,2022-01-10,12.32550731860386,12.347878857855328,10.980462822680638,11.108309590802586,25382882.216318972,220832813.17540503
2021-12-27,2022-01-03,12.473409769621409,12.583062216905756,11.309102319782927,11.697295677851624,18890678.10857286,224440149.47184736
2021-12-20,2021-12-27,11.893315140355902,13.029447720070293,12.085918073283173,12.90605169183692,13095785.107244829,239408440.17690295
2021-12-13,2021-12-20,12.097598420975302,12.106128763919964,12.345650865226585,12.306805050982176,14861105.390690314,228844456.52084258
2021-12-06,2021-12-13,11.752178135225446,11.891152040982629,11.884700962760652,11.525161787045283,28814545.64560772,224894260.01748362
2021-11-29,2021-12-06,13.309905658220847,13.227443964435121,10.3897169827061,11.054580533431217,28630130.05194639,238204904.42149052
2021-11-22,2021-11-29,13.717647386007812,13.797859945017747,13.223888443818494,13.923802805901188,18986562.979064353,254365109.49926373
2021-11-15,2021-11-22,14.134254867582627,13.890834972070511,12.216187583818686,12.824107359545357,18378681.04906208,244846561.5789619
2021-11-08,2021-11-15,13.685999631466554,14.260327975841353,13.503408482919847,13.540747628774831,16227425.815063909,260128087.63287127
2021-11-01,2021-11-08,14.269675690171274,14.644712758221347,14.282878978490247,14.565425343801573,17197838.383444227,270275185.32496595
2021-10-25,2021-11-01,14.890395972263818,15.047401959719865,14.283065091737164,14.545934473489055,22899878.362390686,278409878.1040158
2021-10-18,2021-10-25,15.959453949496027,17.192846871393368,16.050776331038573,16.207667097583965,25579906.515838385,309399867.61931574
2021-10-11,2021-10-18,15.947829418743408,17.293290351365982,15.952085740428393,17.38577338793125,27355204.80829693,309319500.92202157
2021-10-04,2021-10-11,14.073003991415542,16.348992499191333,14.24751440078175,16.1025777575991,22296870.214205243,291685750.4085577
2021-09-27,2021-10-04,14.090956953744113,15.539741244981554,13.871248294015901,16.327202848333105,17478127.094217446,272606739.15840894
2021-09-20,2021-09-27,14.163942449963239,14.148732167618077,13.481638538261876,14.489832404999756,23247347.236416664,260955454.9226952
2021-09-13,2021-09-20,13.475365964780918,14.19547163943408,13.768844492834676,14.288919966488544,18841141.61108401,269656085.03778124
2021-09-06,2021-09-13,13.06841513660584,13.306334421511542,11.256471955468513,11.688458831149587,16962069.948115833,228504784.16313058
2021-08-30,2021-09-06,15.092855819251756,15.505864522085576,14.74826423618457,15.990457297205309,18562016.60754602,285096005.41782576
2021-08-23,2021-08-30,15.171135246742393,14.937178786440892,14.28933733894688,14.703341146354138,17830518.804540098,274781165.644022
2021-08-16,2021-08-23,14.199062570410643,14.897716160485572,13.956649550359717,15.586065742606538,20234988.673231512,271002368.9012595
2021-08-09,2021-08-16,14.499620839448212,15.08738683191309,14.738121246954025,14.869199420868675,22801383.632011864,280891763.22950083
2021-08-02,2021-08-09,15.555913660333964,16.982376552906285,14.811419751588778,16.746080345802635,25312823.423923057,293248939.0363883
2021-07-26,2021-08-02,16.110975865495956,17.521246133921196,16.18466571665529,17.94989182659243,32459210.56488707,319695935.91602594
2021-07-19,2021-07-26,16.737991128343992,18.37425839615461,16.198740729295427,19.30879402769099,24052764.331773102,323309111.9143623
2021-07-12,2021-07-19,15.93496925999134,15.914769482971396,15.27789910839729,15.4775426523855,24052984.307441324,288421662.76586354
2021-07-05,2021-07-12,15.171883249508381,15.171883249508381,14.804508572931034,15.4375028960232,26910078.01403173,281236893.9204338
2021-06-28,2021-07-05,17.496462502526786,17.037961001889748,16.668691890490305,16.935665867754885,25619060.516354747,317016191.7038503
2021-06-21,2021-06-28,15.86887031394388,15.833242145117019,15.386892909243858,18.24298458957409,37121502.586548835,305115778.8689411
2021-06-14,2021-06-21,15.562933779051257,15.879608034029298,13.524079411861162,13.800779365513614,26641304.201159526,283326387.01876104
2021-06-07,2021-06-14,13.184380772939038,13.84598141922443,12.044792742259634,15.04196262912996,23120116.278969612,242692339.17043382
2021-05-31,2021-06-07,14.904615513311164,14.517169702116854,14.9248395156122,13.173990759703303,27120609.007700864,275006726.0949493
2021-05-24,2021-05-31,16.477094831538974,15.322388678564778,15.988688780827351,13.519322266555651,35923628.792115055,295096514.222841
2021-05-17,2021-05-24,12.94199224741348,12.94199224741348,9.913634251202911,10.594119650554228,35828789.16501705,222901927.5003768
2021-05-10,2021-05-17,14.786069522707631,14.140904921175496,11.460253118441793,11.732581690844778,25053822.16089246,243693634.10400707
2021-05-03,2021-05-10,19.14423555292326,17.218399356820672,18.016322713936542,16.907093447665495,30075753.24799578,337362128.56755984
2021-04-26,2021-05-03,21.12577663899645,23.07364147410713,21.107672172538788,22.335294319586815,34217559.7896106,414339676.38486546
2021-04-19,2021-04-26,25.08583348567277,25.177800351152428,22.48798442552184,22.601669133886823,56884406.681102306,449544715.5118035
2021-04-12,2021-04-19,27.83539561348701,29.49203473508381,24.8763730217854,26.10360397143596,70580567.4320293,529346359.8566395
2021-04-05,2021-04-12,27.968053824325402,28.751316364251263,27.54082023517972,28.46284525836415,47727891.47365737,525061509.2168018
2021-03-29,2021-04-05,33.041140320822194,32.7262394747322,32.72362948285403,31.964266377252695,56938328.59137334,618240214.4027374
2021-03-22,2021-03-29,32.127289485221375,32.264507938619836,30.400214467999383,33.138874554896134,56931418.454472795,580396046.638355
2021-03-15,2021-03-22,31.891931808954077,32.03379649874311,30.484717818873282,32.0677809589199,61296056.31411299,591794307.4124581
2021-03-08,2021-03-15,29.518678383373434,33.63005768107168,29.496119476266063,32.39081984911506,69714240.30145818,595218690.9767756
2021-03-01,2021-03-08,31.777928647048107,33.47760149287815,31.752383095826314,32.77386223430881,72414364.45673852,607204213.7021234
2021-02-22,2021-03-01,29.773793571289914,29.773793571289914,27.128473707356566,25.312318583709718,80226926.85805634,510639953.42219144
2021-02-15,2021-02-22,26.976637472737924,31.823653826819445,27.280496209218196,32.26198555311652,72231230.5228891,541164942.8424268
2021-02-08,2021-02-15,24.059979879414648,28.00859886407009,24.202644491866863,27.845797329023103,82640971.24988495,508973852.1163649
2021-02-01,2021-02-08,25.18412165491276,29.74032546984467,25.360478350874672,28.306455133634696,71783032.04107414,513732047.5819875
2021-01-25,2021-02-01,23.146769379072435,26.192143644829066,22.35607859213554,25.053598243985405,74327184.79298404,437351113.4324389
2021-01-18,2021-01-25,29.01860110547167,29.916221304265353,24.411871048953756,25.599710075842236,78687157.68626212,518012794.5299073
2021-01-11,2021-01-18,30.30898226551677,31.717758099621218,33.015378678359454,32.78940836995246,130183594.4042104,621121129.0490596
2021-01-04,2021-01-11,33.731919041764634,36.32090858357075,31.706033130213715,36.79805643728858,131277780.84019259,661955593.0864651
2020-12-28,2021-01-04,38.510283485180054,46.49404845512118,38.22919365101319,44.915661475335604,117221744.4886324,741174742.1794105
2020-12-21,2020-12-28,36.78423244565092,43.787518727108406,36.82000909691494,43.059627345961005,125931163.17738485,716791471.1774299
2020-12-14,2020-12-21,32.48258657411316,41.02768344227075,32.9681831078505,40.14196205893021,112933627.94711313,675430869.1457646
2020-12-07,2020-12-14,32.15392425173723,32.18633363310491,30.036201603601,32.348278688454755,67841986.02130236,583628789.138769
2020-11-30,2020-12-07,31.595031522561058,32.29128378761967,31.72490035210408,31.412942439215396,82553146.58678918,595897654.8099482
2020-11-23,2020-11-30,32.83942352836812,31.953559637918556,29.488409710339386,29.854206364552812,99300709.01778674,570407666.0427389
2020-11-16,2020-11-23,35.54387896792442,40.748666142725185,35.58619170110664,39.89046791744439,109408090.62374921,716309346.136434
2020-11-09,2020-11-16,34.03425810516455,35.890647702511224,34.055104083000074,35.84735975337691,86548101.85653497,648995008.4646151
2020-11-02,2020-11-09,34.69955525563429,39.42940594292144,34.84037979671488,40.34099155615651,103736134.84639388,685095414.5949738
2020-10-26,2020-11-02,32.064149692463936,33.961011165881835,33.32375583318267,34.88394063878659,78823125.69575055,618335588.5045747
2020-10-19,2020-10-26,30.414052784917402,34.71890535798425,30.57035814851391,34.26729488675776,74498841.06163695,608781740.2947354
2020-10-12,2020-10-19,30.359094452503832,29.637603935443188,30.628021203265778,29.633454001685102,57793430.14144481,557141795.0685375
2020-10-05,2020-10-12,30.25663544091339,32.29321432861567,30.14574530075611,32.150031718979015,57151607.9787117,571970920.7420843
2020-09-28,2020-10-05,30.13746810698295,29.883573767223382,29.407217525525283,30.06508687743244,62298881.09825262,549452937.8570113
2020-09-21,2020-09-28,29.34396957679724,29.21498023842393,30.469830966302514,31.537574541681952,76266761.30746321,549233963.1997318
2020-09-14,2020-09-21,28.208470140834432,29.118476993355753,28.70772949407604,28.992246418036547,90517982.73282535,539476751.528647
2020-09-07,2020-09-14,28.895809733714465,29.35898787886568,30.200843760217428,29.282960006116888,101677036.85677676,546723389.7664711
2020-08-31,2020-09-07,27.611860388304013,27.691827716053464,23.775075361328607,23.865070925708874,97419074.74463522,481257757.0298144
2020-08-24,2020-08-31,29.79556093003655,28.875097825082165,28.738681151530017,28.67224169412749,74366340.58240251,531835556.519412
2020-08-17,2020-08-24,27.442470585147195,28.0636901154109,27.05165897396767,27.0507281744642,78048143.35151558,507894481.4530421
2020-08-10,2020-08-17,29.8841256635344,30.19792639520959,28.65577724262416,30.06860321108928,90049225.33749138,548605870.4771527
2020-08-03,2020-08-10,29.766892750503832,29.934837078483508,29.80620402000768,30.126650294291256,86156665.75759947,548113802.3071027
2020-07-27,2020-08-03,32.02908979074498,36.75087853563842,32.02289642215532,34.522632527688444,135825819.3616954,630678931.857901
2020-07-20,2020-07-27,38.56519918993634,42.10179451176919,38.94470300220512,41.98085889520523,84423305.20453341,731737930.5204077
2020-07-13,2020-07-20,38.33214315056603,38.098051733344754,38.005835984348685,38.364579409740514,60606372.51689782,700434006.3902401
2020-07-06,2020-07-13,39.86485349670112,39.17054967629077,39.905669760497936,38.480023325927704,67593515.65501378,728905432.7225997
2020-06-29,2020-07-06,40.5392245400158,40.52182919407792,40.39045778528974,39.83613952537236,65714007.02893646,747328245.9507245
2020-06-22,2020-06-29,40.752466085379936,39.55843651729834,39.23271119721632,37.5016182045831,76087448.86780043,722952895.9603189
2020-06-15,2020-06-22,40.20427468431001,41.03685179657846,40.771713847963106,40.24767900629453,89842097.08794643,757483234.9299896
2020-06-08,2020-06-15,39.89724182703823,40.43923029735119,38.303012908328526,37.961348863135775,94812198.20648617,726589990.8721014
2020-06-01,2020-06-08,40.7853169968402,41.056082225745136,40.628698685209386,39.30685610859756,114218399.02733071,744892076.1272445
2020-05-25,2020-06-01,43.63570169816872,47.31430388647637,43.34824820939869,46.294533995437035,153495150.22600773,829973582.4882041
2020-05-18,2020-05-25,46.74630300429107,45.85081889629567,42.491647983870635,41.008789786750484,151357858.36592215,815882846.7291572
2020-05-11,2020-05-18,46.51383863029557,51.09489914324303,46.309013406783976,51.99010461519977,215614923.84057626,899826560.4830407
2020-05-04,2020-05-11,42.382240198852465,47.48894364793146,42.65142010271979,42.25339636381504,199226201.33617127,828131209.80395
2020-04-27,2020-05-04,38.9645463638468,47.55672739838239,39.90407708851567,45.32738503335194,183047129.96226382,785641368.3678421
2020-04-20,2020-04-27,39.53709326654132,41.276248862057045,40.260442457893745,44.79281844907321,153792620.72484538,741874688.6854846
2020-04-13,2020-04-20,43.47648644798332,45.56413838688716,43.18302048083768,45.60203959179768,189584188.85478243,824470309.7318662
2020-04-06,2020-04-13,47.42601172339784,43.74203317976225,47.31211371579093,41.085847322159005,202598146.55524698,839460141.4601315
2020-03-30,2020-04-06,47.180711939693055,53.03386344053057,47.136427052336714,51.275979796578575,223206441.64021,915838177.4242134
2020-03-23,2020-03-30,47.26399903171786,51.14922633535973,47.45645827384351,43.804663717672064,276932046.3882948,913455157.9434692
2020-03-16,2020-03-23,43.20759377874686,55.03681071186031,43.839809733186215,52.914759533503876,424735093.7160221,902151218.7628585
2020-03-09,2020-03-16,40.293584467578576,39.12287504637286,20.866061270650356,26.787082850535498,193015781.64717856,610888401.4962969
2020-03-02,2020-03-09,39.14753250736699,39.25729664768312,37.08807837905118,34.776345229285894,138928339.6124778,709804611.8248645
2020-02-24,2020-03-02,36.235464485281874,36.10244826258941,32.469387358107916,32.24221100150604,122311003.8664841,615383649.3710753
2020-02-17,2020-02-24,38.23715595662488,38.13520294396551,38.946372874130034,37.04881171969172,140388094.01493087,696169068.9929391
2020-02-10,2020-02-17,44.36741186340688,45.72813230161354,44.444038370679216,44.587852732470225,160538119.57685035,818339883.6303773
2020-02-03,2020-02-10,49.49861653548498,52.27991139280282,48.62307272913287,53.33555506757715,153434921.5689137,912884103.7037708
2020-01-27,2020-02-03,51.32286653594266,55.68096102442167,51.8572741513369,54.92401230336026,156867262.96883473,982574233.5154822
2020-01-20,2020-01-27,52.17016067631051,52.01475554712053,50.98719631614483,51.469769166304374,130613521.69303496,931743011.8204546
2020-01-13,2020-01-20,56.001910648254444,62.674351800110024,56.56662084246281,60.46083744639168,202778577.3252029,1083433340.3276618
2020-01-06,2020-01-13,54.34329648022852,58.592457156484706,54.45186563268119,56.73558060605618,183369160.2315983,1019869004.3442005
2019-12-30,2020-01-06,55.01498266886624,54.99110290120515,52.77348945127333,55.847677735547414,148350278.21555892,987761196.57627
2019-12-23,2019-12-30,56.733964595319456,56.9504016966461,56.12676548066186,57.6931864845543,154919542.99208206,1005831683.3056861
2019-12-16,2019-12-23,49.947453634111895,52.497258518821205,49.03806085128079,56.31276114246173,135805117.55465496,913858303.5687366
2019-12-09,2019-12-16,49.997906305967064,50.28418260399195,47.83588045960222,48.309698897147115,105724402.81843299,881885369.2393408
2019-12-02,2019-12-09,49.11183558363277,50.09187417533627,48.39069882047061,50.54285116407948,117268846.84031518,895648448.0395247
2019-11-25,2019-12-02,49.17448866067529,51.75756832885946,49.44893530224373,50.682182402806205,161380047.352402,927684650.5198011
2019-11-18,2019-11-25,46.31274205608582,46.28097709866541,39.17320715850397,38.853062179869454,118655973.04114588,779000373.1453168
2019-11-11,2019-11-18,47.806489307519605,47.723677299332664,45.657377835853424,45.9927283649488,101486299.8322823,837592078.1165826
2019-11-04,2019-11-11,50.57799707705401,50.45235090297595,48.36068867671628,48.669530339335004,116913162.56179291,896143528.264915
2019-10-28,2019-11-04,51.824172565857154,52.20120023282935,49.5841165433682,50.50384209204579,147235227.4986383,910991968.4119407
2019-10-21,2019-10-28,46.887238021601696,57.072050145921345,42.78785582675055,54.76612218689111,129900452.05498868,856289495.0122305
2019-10-14,2019-10-21,45.67615954861679,44.93210219186492,43.50854760917483,43.981012510424215,77292684.10882965,794830538.2859952
2019-10-07,2019-10-14,46.2243054137465,47.98173424378444,46.19802355782232,46.00903976157817,93202685.58150333,849317039.0116788
2019-09-30,2019-10-07,47.53734097968041,47.321485195362015,46.88215858081782,43.96929710878906,82834658.09154521,848442412.5392185
2019-09-23,2019-09-30,47.70185721970435,47.70644730142356,39.305952506117364,40.06810191102775,86520236.22884448,759739374.0223662
2019-09-16,2019-09-23,54.678812314590104,52.46889784905469,51.85370209070128,51.17396705268335,78566957.46819139,945665268.9513695
2019-09-09,2019-09-16,57.560682021721455,56.8293011644813,56.46713139045802,57.0618563119411,86697096.14202775,1022640796.9989014
2019-09-02,2019-09-09,56.862236560095354,60.11643970187948,57.040946296431024,58.497585665925634,99558902.36557396,1071270436.5387577
2019-08-26,2019-09-02,54.00646315410496,54.50866710870292,50.05520910928329,51.22231075233592,84001433.31278686,932506328.819953
2019-08-19,2019-08-26,53.15144923166823,53.723913353723624,50.90545877984422,49.84454223574866,78615315.16572644,930806049.5706223
2019-08-12,2019-08-19,53.317358065905395,53.317358065905395,45.51691987353523,48.81619020920387,84145580.34808016,895808567.5535319
2019-08-05,2019-08-12,49.3453964721133,52.03267584222881,49.3453964721133,49.72525097288784,92287233.30360241,907344264.4813986
2019-07-29,2019-08-05,45.18715655765771,51.337857379084,45.18387344787241,51.838427014958434,71711445.0433148,851937662.28965
2019-07-22,2019-07-29,46.917434161768234,46.90677430781965,43.29174839910612,43.891143142000324,72648342.67506085,803759081.9960483
2019-07-15,2019-07-22,45.12731869176646,46.902652402136624,43.27274914749058,46.16261787982279,104548923.2658742,812254311.9244605
2019-07-08,2019-07-15,37.495662623202364,41.887567050344096,34.00574807392857,32.979193135285485,79008662.93219411,683512498.8028812
2019-07-01,2019-07-08,37.22204747067217,39.58812137235181,34.72508257909574,38.70132138785979,84951876.76530918,674409774.2454045
2019-06-24,2019-07-01,35.22855223159005,44.72905458544089,35.05241980821515,35.11228544144857,97996653.24129723,672167544.3299103
2019-06-17,2019-06-24,33.41553034430056,40.72250079682773,33.62366916746093,39.70838208661409,75107873.61652918,634063729.6693168
2019-06-10,2019-06-17,33.04300126228134,37.94280057129525,32.90569555190494,36.51265639082699,67422477.64791138,610133312.9100013
2019-06-03,2019-06-10,32.27537271037025,32.2051334688898,29.611632204509586,30.011939515576636,65796310.401803866,538308315.7620257
2019-05-27,2019-06-03,32.47437012903147,32.05677206391569,31.016061433344213,31.964571628120375,81917974.4581631,568718890.4126608
2019-05-20,2019-05-27,31.27529176667742,33.5293292323955,31.104149004346123,34.63032297549159,73213388.14751388,562505342.3180603
2019-05-13,2019-05-20,37.06656951740745,40.61268984075728,37.069930896448476,41.66714727048669,121369038.18117382,698520480.6596398
2019-05-06,2019-05-13,35.42650685153196,42.72793030324083,35.30610498129493,40.35571855798803,90104194.53613985,658221618.8035603
2019-04-29,2019-05-06,33.51240043293896,36.77246458482749,33.56554794219891,37.179071946143786,84395345.64482476,618745159.2160424
2019-04-22,2019-04-29,31.20669131894543,32.53327464395897,30.25116716489815,30.54115471576548,80381003.87355922,553046794.6086426
2019-04-15,2019-04-22,30.6812349059286,31.6639434587815,31.5097937506289,32.76813483136722,68336139.92999248,555452326.8383012
2019-04-08,2019-04-15,29.71208152212061,29.280173289101974,28.524168958237684,28.584412093518893,71125169.08046338,505789494.389949
2019-04-01,2019-04-08,28.98056079388111,36.1862241878813,29.370006956297896,36.32532588690051,93592837.13182457,583328202.2859136
2019-03-25,2019-04-01,29.299197503828637,30.53826445037032,29.447058280861263,31.08663052099124,57363354.73426899,524377619.113463
2019-03-18,2019-03-25,28.787075394657986,28.911409077418067,28.808975354914146,28.953200186167354,49195127.386949755,509313511.33736384
2019-03-11,2019-03-18,28.90783181658969,29.917388482909523,29.172065067551813,30.185213118744553,54992139.573759265,516679988.41418296
2019-03-04,2019-03-11,29.11865500423257,29.239309500773796,29.70974551116812,30.69258809423737,56248150.56178739,527960431.89933336
2019-02-25,2019-03-04,28.234725498257745,27.430098246835296,28.099375322489752,27.819828277424488,46745508.35452983,484987215.78552175
2019-02-18,2019-02-25,27.40505428863978,28.50027294744441,27.519773666877658,26.42577762524493,43596219.98145473,490323986.56231993
2019-02-11,2019-02-18,29.52333206258259,29.52333206258259,29.96415653231121,30.170547484903693,30518491.501569457,524869244.4700456
2019-02-04,2019-02-11,32.23050924921202,34.03449768824658,31.514109743223948,34.050325122365095,32793217.258389182,568916347.3059326
2019-01-28,2019-02-04,31.634430527703763,31.54051295934403,33.06037877341562,32.46418001181575,33279056.69731725,566713564.6742555
2019-01-21,2019-01-28,30.151820237883758,29.860096024760033,29.936595801368675,30.27907718211377,30770773.03822342,531213912.6643167
2019-01-14,2019-01-21,30.388325382319962,28.730062614774408,30.360687024987307,27.661677710974963,36411558.54895962,523029821.65997773
2019-01-07,2019-01-14,25.89088303806001,25.94059537730014,23.450644811078874,23.394284935280034,26692980.119729508,438536928.41752833
2018-12-31,2019-01-07,27.641572465731247,29.30350713153976,28.130498619439326,30.66109859888563,27921258.953695334,492813892.3167345
2018-12-24,2018-12-31,30.504759373234837,26.80900404361498,27.886643578143516,27.834090131141586,30138411.736463197,467833904.67943907
2018-12-17,2018-12-24,38.13243694319007,43.433982597975664,38.123439217222504,42.14999843893153,47802245.15044213,729220691.6420714
2018-12-10,2018-12-17,38.073270893987946,37.96715767189255,35.70568015447285,35.958781239027545,30207393.0059576,642985757.9276831
2018-12-03,2018-12-10,35.515520800011195,35.579278755326044,30.329510732289627,32.84685886131259,31411698.01177022,580471965.9614989
2018-11-26,2018-12-03,34.34346678929736,37.42792195137177,34.586495329759295,38.002376244890065,38650219.56478148,626038327.0336275
2018-11-19,2018-11-26,31.691705957736694,31.67134172688152,24.344366183666015,26.623202283625428,26840462.482307035,497422482.91009086
2018-11-12,2018-11-19,30.31867825580538,30.249724661797803,25.75548413213548,26.90347935960095,18109609.276300453,492231540.4781859
2018-11-05,2018-11-12,30.65036603079156,31.060323514156327,30.79348896093467,30.714447309555286,18389178.419438064,536684793.7975097
2018-10-29,2018-11-05,31.710629174435883,32.091558457987794,32.25858692495284,33.26787717404281,16553424.744431244,555511312.7553587
2018-10-22,2018-10-29,31.751151890764305,31.74934842279571,31.55341604856187,31.594792657741493,15350903.429085374,548553816.2966673
2018-10-15,2018-10-22,32.197245901968884,31.371522872502688,32.356947038096166,30.96222776993276,17814138.840036716,544272001.544332
2018-10-08,2018-10-15,29.213910436428012,28.938870819400858,27.743862882066587,27.56013362931872,13108823.013353864,492989873.0871156
2018-10-01,2018-10-08,28.4668392096702,28.31691441712076,28.55445072328987,28.53521800944941,12300790.977237405,493809602.8928433
2018-09-24,2018-10-01,27.420467354072592,27.611748897778337,28.182533807865923,28.972819675929706,15317100.650585435,480442213.2226719
2018-09-17,2018-09-24,29.56028403947938,30.311991631779396,31.825392097837838,34.0487311020032,16947680.52653998,526839154.6335832
2018-09-10,2018-09-17,31.95237326484527,32.536206554287844,33.02801638257228,33.084198957729605,15307142.134188863,562864171.9858373
2018-09-03,2018-09-10,24.519895172859847,24.92992452219223,21.409271050200473,21.70707104047575,12780038.66416593,404729737.1898213
2018-08-27,2018-09-03,24.26961861894466,25.431021749576615,24.291915496411303,25.341296798556883,13439742.123963626,431127738.38055855
2018-08-20,2018-08-27,21.59203475212533,22.375685015551394,22.98760023879842,24.350925429403585,11256699.95502953,384813890.6394976
2018-08-13,2018-08-20,19.82169067302937,20.61322317267883,20.907635164703965,22.79242785179397,12709212.68603072,353914097.69180393
2018-08-06,2018-08-13,17.204731756522538,17.30323238463421,15.153014471555652,15.636744006360866,9543873.910184626,278669106.7385781
2018-07-30,2018-08-06,17.606009375814388,17.611254521900726,15.475679810069805,15.431693190360328,9450318.449012494,285243777.71774954
2018-07-23,2018-07-30,16.142996733422386,17.989101185139873,16.408189745253736,18.213384881989196,10662947.53576183,300026522.96866596
2018-07-16,2018-07-23,14.122482650054797,15.859460390795682,14.216583190673328,15.521354054381144,10815245.45656582,263577938.7593517
2018-07-09,2018-07-16,13.777390523657399,13.806472230339836,12.942634999599173,13.387840229764995,8566530.327747695,228494846.87575677
2018-07-02,2018-07-09,14.058775746835394,14.08926306287704,14.110322804858995,14.132757187062387,10031533.6228754,244464771.193813
2018-06-25,2018-07-02,13.493963051879438,13.782416684970046,13.086928766567533,13.83438067746862,8098988.014368893,231875651.26749197
2018-06-18,2018-06-25,12.973774831112806,13.0167868358411,11.830274188495114,11.860914973774292,6137487.4087096155,220398786.74443853
2018-06-11,2018-06-18,12.897705231274857,12.807455058717927,12.217917288745374,12.223422804435305,5982933.978749057,214150112.1746549
2018-06-04,2018-06-11,12.430018066030598,12.372564630918877,11.6126171630098,11.459950874348268,5606834.111410199,214367845.1359382
2018-05-28,2018-06-04,12.87510042759288,13.356646822524116,13.855360853016068,14.878529860934488,6667613.3938201545,235399256.00281274
2018-05-21,2018-05-28,11.883205297164851,11.873594567794232,10.5053789844616,10.5236944594382,5516145.786790107,189672256.49480015
2018-05-14,2018-05-21,11.8751485577635,11.965683266140996,11.486501322061706,11.5918996603606,6419814.542484193,198655396.08877647
2018-05-07,2018-05-14,12.16282392353766,12.141728777431679,11.60005472494308,11.58395080934753,6923942.503202954,206401784.548196
2018-04-30,2018-05-07,13.636330020757558,14.352021705793462,13.342058598657744,14.440229737287765,8727186.862380642,234128514.70332474
2018-04-23,2018-04-30,14.127164775828348,15.03212174101563,14.004374737023047,14.6215284787418,10685091.640731556,243343413.43673554
2018-04-16,2018-04-23,15.638021944108942,16.78890711760989,15.735989592094297,17.19743442759582,10269297.446436025,277412739.3451652
2018-04-09,2018-04-16,17.516393030712887,19.409182478143794,17.022969041709473,20.8750663866488,11174948.712808799,309508162.14281946
2018-04-02,2018-04-09,18.024058545490956,19.039842048755197,17.50152350445237,18.18188458890327,9913799.7715808,306951982.0989566
2018-03-26,2018-04-02,16.196056829924803,16.108901453450805,13.811451222480288,13.954025878059232,7077693.021853403,257573256.0998774
2018-03-19,2018-03-26,15.247285136688328,16.45008336501489,15.719622849415407,15.247689587512546,7621211.3154399535,272415106.4796058
2018-03-12,2018-03-19,13.213787654340152,13.316726131566544,11.01913174047671,11.533390032410136,6548975.007900727,204769721.2988764
2018-03-05,2018-03-12,13.226171807940043,13.363964041839692,9.986561143524531,11.247433230162777,5337688.458123829,200613593.18057284
2018-02-26,2018-03-05,11.360611683203178,13.059377745234082,11.246043700865329,13.207089017821978,4175483.8108199365,208348434.57967365
2018-02-19,2018-02-26,11.41019877742175,12.462380471974054,10.16833007544108,10.202119885116055,4707424.655499329,188718949.39042926
2018-02-12,2018-02-19,9.951322290008232,12.933749598850275,9.951322290008232,12.229733286614112,5291299.012550029,188426688.7931263
2018-02-05,2018-02-12,9.89495319934845,10.600424254876975,9.307662378571115,11.630914415586284,6053441.744559752,173668154.2427816
2018-01-29,2018-02-05,9.415122344404686,9.418866620380573,6.4584857944414304,6.957101264566112,3867174.150859468,139097293.12792632
2018-01-22,2018-01-29,10.854928735554802,11.03956190322022,10.751182578367343,11.715892863363116,7804712.364371924,182430711.98600763
2018-01-15,2018-01-22,9.817819554135726,10.238009434229724,7.027084759143523,8.670585378979322,8534616.076066181,151545230.12295195
2018-01-08,2018-01-15,14.543262089299576,13.73794997004008,12.544978951894436,11.503435309641157,11791549.152166553,202548491.9453085
2018-01-01,2018-01-08,18.544843251280795,21.915153972386893,17.700982837256145,21.37884345816601,19367983.848802272,336970278.56637967
2017-12-25,2018-01-01,20.66522772852553,20.9851081715677,17.826110690053238,18.347235433234317,14789429.925221613,326675580.7489445
2017-12-18,2017-12-25,26.59155785934802,24.120762811186243,16.647725350178437,17.319685495456504,19424881.73789103,374600716.4338772
2017-12-11,2017-12-18,34.9010085320565,38.7151124875562,34.9010085320565,37.218211415799644,23889178.287201703,624773785.7949696
2017-12-04,2017-12-11,24.241261995153803,38.98673194474624,24.46366155156158,33.12886478998137,20766336.685902454,490961281.5948389
2017-11-27,2017-12-04,19.83004105116899,23.893848783195985,19.78452665127174,23.447404533736762,12268672.157824175,359158888.91525376
2017-11-20,2017-11-27,22.68837807578166,25.72413954833143,22.17304491576437,25.566800217054485,9855965.043252274,386177411.25102454
2017-11-13,2017-11-20,19.28930738612187,24.22593433877901,19.178361531961897,25.247122843560103,11936396.530981326,374707761.1765856
2017-11-06,2017-11-13,25.314973141362643,25.218728944110737,19.33021396208069,19.94577609071153,11027359.948378608,392067213.4361353
2017-10-30,2017-11-06,20.17952038464518,24.61197558328924,19.319142553647705,24.42044318497272,8377373.884439459,368238107.6577966
2017-10-23,2017-10-30,20.326511000086118,21.015360304986153,19.321534548412153,21.452700329786364,6816542.979657004,335356548.93180823
2017-10-16,2017-10-23,16.953410769471848,17.793372130120176,15.547914935341046,18.105038720145423,5649771.139206872,281957123.3421911
2017-10-09,2017-10-16,14.838654822094762,18.83463663649006,16.93549447367191,19.095750302268968,5747952.949250461,282857659.8238854
2017-10-02,2017-10-09,14.515740282329903,15.297428497203569,14.119293291115488,15.502998995360349,3405696.171675986,243153033.92500827
2017-09-25,2017-10-02,13.037386320592743,14.879520670091818,13.060991357902058,14.923451663037156,4314288.343035913,233520135.34319568
2017-09-18,2017-09-25,14.231953255027825,13.977944314515442,14.115368879320277,12.600091520052453,4859435.65884759,225054536.68054262
2017-09-11,2017-09-18,14.278728437005404,14.44903022401958,10.278249646824912,12.174323709084483,7409463.711711327,216910399.39376825
2017-09-04,2017-09-11,13.18898136317068,13.413567243383868,14.113931963749245,13.962967102566969,7189352.445382392,231156995.89907384
2017-08-28,2017-09-04,12.598356391189247,14.131468467905492,12.483902519746934,13.170391623590563,6182241.491699413,218206448.64350188
2017-08-21,2017-08-28,13.56098305399631,12.838821031035964,12.362583015402008,13.62624986778001,7054209.880541012,214450112.08968785
2017-08-14,2017-08-21,13.665722797788394,14.617332720570259,13.178211408445003,13.689178068956787,8952406.261105811,230236137.7109807
2017-08-07,2017-08-14,12.28725336147144,15.474126995216261,12.391999657172686,15.10248308675935,6555801.70935904,217829031.00423676
2017-07-31,2017-08-07,13.926698926143308,16.170846918332874,13.797508931756726,15.840532411851282,5433302.632884884,239284754.0954161
2017-07-24,2017-07-31,12.084035919292237,12.733916972110151,11.017158680710084,12.26711049913328,4385344.262095889,196252968.19978946
2017-07-17,2017-07-24,12.26349268887858,14.894250666228505,12.26349268887858,14.164678670704891,8078689.5109956935,232383318.0357027
2017-07-10,2017-07-17,10.400888753061285,10.437937886461157,9.357144670372909,8.905769444547376,4144175.2551528416,163224522.29762936
2017-07-03,2017-07-10,8.7034136957571,10.01751951192701,8.821769994594133,8.889041889105444,2977600.2962732385,147090495.0150617
2017-06-26,2017-07-03,8.538918640848415,8.396798284198832,9.775821394600438,9.177188129232187,4024126.618360714,145387389.84829924
2017-06-19,2017-06-26,6.860237227358139,7.350569454940801,6.891684673696395,6.997616898942465,3419577.4214568264,117090012.14179647
2017-06-12,2017-06-19,8.684767578073393,7.258500814906123,6.497068486152744,6.392634835252233,4756071.843470687,116102851.55507044
2017-06-05,2017-06-12,10.238411621802292,12.02518148547515,10.328040847730293,11.917193021956152,6281899.52237012,183828477.8236173
2017-05-29,2017-06-05,12.643172581241094,13.117955013544636,12.807208411839786,13.01888253391423,7463177.216814805,215760657.34881198
2017-05-22,2017-05-29,12.9241406383558,13.69895809582346,12.17145218201136,12.432206564652317,9797441.413243111,208648690.77067268
2017-05-15,2017-05-22,19.9248786989255,22.205479380281986,19.139989773025665,22.12639382654266,9453730.370502982,328319054.8871496
2017-05-08,2017-05-15,16.9849575511689,19.69719425375433,17.837425403230313,19.68762476574039,10418519.980041185,308746410.6065012
2017-05-01,2017-05-08,17.05732132642886,19.606804816544056,18.442368368483415,20.90437419238277,8589376.990145126,306860203.00839007
2017-04-24,2017-05-01,24.896420447397674,26.860749201895526,24.896420447397674,26.904230114390536,6788165.311121369,419058638.7697695
2017-04-17,2017-04-24,24.281125239898603,25.454504425032926,24.403872487607124,24.98747282327363,5278600.933209455,407124997.37269324
2017-04-10,2017-04-17,27.454410982966227,27.371595458572273,27.26462558410389,27.206149487925906,5715472.5415268,448380339.68100023
2017-04-03,2017-04-10,22.609218297103308,24.522338656157572,25.389947408067783,26.823370571395024,9443280.68375873,405861924.2649785
2017-03-27,2017-04-03,19.134884880922222,21.112676297966672,19.75738711378342,22.221146827653232,6687221.139397812,331761224.13422006
2017-03-20,2017-03-27,23.172500732005517,24.279833610576933,21.29153934413484,22.37516840931173,7926796.573276258,373393831.0790453
2017-03-13,2017-03-20,52.11176864624089,41.105352930028296,40.85959799809708,36.36233072013563,16003158.967499537,693471901.2580851
2017-03-06,2017-03-13,65.64606290442072,63.475323719176416,56.35685437462072,62.22343357566063,13644316.09111653,1006109708.8575287
2017-02-27,2017-03-06,80.24793388429752,81.67742676329487,81.50343281490824,82.56445003290095,13722090.257472979,1345720118.172772
2017-02-20,2017-02-27,82.13112826742955,93.07729884389032,83.47744556724659,93.40476171396058,12118213.945998704,1415038038.150779
2017-02-13,2017-02-20,87.65360727068567,93.08547968278475,87.34502107552287,92.95061169811655,9047608.299986301,1464300527.1686113
2017-02-06,2017-02-13,90.49061921958953,94.89778134095543,83.44860109655696,87.66605829808891,14689894.243456094,1451292439.2542357
2017-01-30,2017-02-06,87.70469286531858,97.61993653164085,87.84923326804568,97.28579132096534,12164472.085543046,1505359961.0257926
2017-01-23,2017-01-30,86.3922004634128,85.59628205482862,83.57737369950323,84.98553564331729,9201018.462563114,1372661407.4101887
2017-01-16,2017-01-23,82.97419494237832,94.45220191176233,85.591381917177,96.37452431609515,10723800.277635124,1455208711.7639956
2017-01-09,2017-01-16,88.55361620245291,85.261967024611,74.55714934001539,79.27499324767527,15508626.792212587,1303507121.2846472
2017-01-02,2017-01-09,122.1555765199931,141.18698533604066,102.24907845515686,108.70112664513964,33414049.79722168,1948344657.9759383
2016-12-26,2017-01-02,124.90216136962933,136.77455950650548,127.16306894208026,137.52767019062455,21333532.519539952,2086705977.5514047
2016-12-19,2016-12-26,100.5083073543098,117.55832379219332,103.64594193718452,117.34196415834406,17653724.596081257,1746784082.954204
2016-12-12,2016-12-19,93.94272616987364,92.34331009849727,94.2710910364626,92.81300759535894,8631040.035641624,1502425619.4108934
2016-12-05,2016-12-12,103.96363089224684,101.72879199252245,112.94613477574937,112.66106893699259,11278184.860452885,1687455462.5587482
2016-11-28,2016-12-05,81.35105190104541,86.6981517319745,83.91422816930145,88.66971357041407,8350168.5261285165,1365210086.2134993
2016-11-21,2016-11-28,76.31325110029145,78.22021438524807,76.46706191460842,76.02469828212958,9062228.634433446,1233568172.988842
2016-11-14,2016-11-21,69.49769836162946,74.45402723218241,70.28979393413445,73.28252003993953,9119736.195313359,1161633688.407205
2016-11-07,2016-11-14,65.43633604635123,67.54278204203821,63.73292656917928,64.79686577082103,6747400.555530993,1042946150.5515047
2016-10-31,2016-11-07,62.76281432199449,64.85828586337348,62.015875338356864,64.88640921853917,8932622.08833451,1015157822.2152008
2016-10-24,2016-10-31,54.59214024592888,59.533911261331994,54.79801160457129,58.65991358055646,7016627.242187787,899867756.7731645
2016-10-17,2016-10-24,53.68578265671542,54.93888099452381,52.946388675777534,54.76008669556519,4932900.476477762,853950051.6755625
2016-10-10,2016-10-17,51.16702755170611,53.29856908358342,53.010753613214035,54.556929724580236,5282193.700019759,849590681.3890046
2016-10-03,2016-10-10,46.28074880489709,45.96513214486993,46.21746845425868,45.762388582539835,3709550.7213477097,735411946.2693961
2016-09-26,2016-10-03,45.86142936744804,46.71645304337261,47.12241566066467,47.66145012560266,3820603.4310471234,747707863.912182
2016-09-19,2016-09-26,49.05994594246734,46.42799060697486,47.97954499698006,45.66248945564532,4331636.008437521,746723431.4898986
2016-09-12,2016-09-19,52.130791174044546,51.22223152255797,52.110628917820485,51.28285546119566,5432719.0295501165,818750664.2325133
2016-09-05,2016-09-12,52.10952148562916,53.259871597242224,51.79454890460583,51.68679216341278,6211154.442727263,833327034.7631578
2016-08-29,2016-09-05,52.511322774560135,54.89198112361163,52.902834158186444,55.44397568954049,8738910.470615512,836268884.5450451
2016-08-22,2016-08-29,51.99906970087305,51.97816732505644,51.343566591422125,51.657755454741846,5747078.822315323,817338736.97391
2016-08-15,2016-08-22,50.95874870475577,51.64603741556742,51.20317088026473,51.842337562750224,4736692.30119001,814164783.3704476
2016-08-08,2016-08-15,54.31742365922505,52.96094908551657,52.010406114743525,50.731457846006066,6506996.993727473,846659774.11918
2016-08-01,2016-08-08,52.60072920789162,52.11708299691186,48.48601542181867,54.079664187616906,12406392.867049599,803847321.2258682
2016-07-25,2016-08-01,51.86752421663595,47.76127588944216,49.2253898673899,45.258245537815434,7879438.661425506,773480732.7288028
2016-07-18,2016-07-25,60.8905159203133,58.703628737047914,59.07054063187892,60.099437369908834,7001793.540304591,923616082.7384332
2016-07-11,2016-07-18,59.315283715152184,61.9807798860963,62.86232237188359,64.79212003206965,8692457.632746173,978874446.1349992
2016-07-04,2016-07-11,56.199040971997064,57.54633760374404,53.7191272663418,56.805242266869506,12366054.611381508,897358216.4416349
2016-06-27,2016-07-04,45.441004462029426,49.92302299395939,45.13131577607587,47.28466817246687,9031749.842655811,742840747.5185798
2016-06-20,2016-06-27,62.429991335763674,61.38059012073938,53.03134531150532,53.107409873650326,16888227.174898,901207180.8213662
2016-06-13,2016-06-20,42.733537859588274,44.09324310538307,42.164177205526855,43.44932980449074,13791389.165539823,675774306.4355751
2016-06-06,2016-06-13,41.14325581395349,48.71387416865242,41.31912136236886,48.170028302224765,6044145.563814413,662541142.5371134
2016-05-30,2016-06-06,42.608579479207144,45.81556759778271,42.44827080174143,45.10215926649254,8262585.374078066,684688529.4056402
2016-05-23,2016-05-30,30.75177970194805,38.22417266981314,33.26382256181683,39.566975073965054,6277014.802421322,516007187.0600051
2016-05-16,2016-05-23,45.92972541619196,40.051397253568524,43.90419931040367,39.334228428213386,5817804.193492666,665812821.8608582
2016-05-09,2016-05-16,48.35509700061057,47.96943521319012,48.7797298912394,49.19271015279442,5139992.752135047,749385834.5880897
2016-05-02,2016-05-09,51.07952297518792,44.70038269631352,49.93794155880857,45.19562432245984,5905194.446929462,727362246.1605741
2016-04-25,2016-05-02,57.30970398745212,57.811998122204926,60.33985996011889,60.10667106693689,8790244.08743421,901234062.1052613
2016-04-18,2016-04-25,45.91195711722937,48.40248836079128,50.263920714333636,50.96317629842965,6033576.5005381,747660949.8901668
2016-04-11,2016-04-18,47.17412273928701,48.35614264125974,52.545738069117526,49.40708217361189,6334448.674840531,770825370.0581647
2016-04-04,2016-04-11,36.22767530533727,36.61129425131043,37.808973974928065,37.73101195005147,4556600.751476021,572264259.909755
2016-03-28,2016-04-04,40.959478654791155,35.98737069292574,39.63449435503242,36.09349673679065,5324784.984530176,574014057.5854588
2016-03-21,2016-03-28,40.09331576193337,35.68876977752624,40.38547079200126,36.18152688062662,4955351.612925428,578319015.2809818
2016-03-14,2016-03-21,28.60552677029361,28.04216345833611,35.06592068795814,33.610163987660336,5798061.070798783,471254634.4051656
2016-03-07,2016-03-14,35.8174981770902,36.38256421699465,43.64460351748592,43.82478973943247,7762516.857302349,614492830.3264048
2016-02-29,2016-03-07,67.0192552969459,66.74825497277953,65.08360187569475,64.46336279155096,12969045.128574776,1011607471.4956337
2016-02-22,2016-02-29,94.29175566548193,77.91012999250758,89.29550725419341,77.31276904586129,14415529.653138999,1273993604.542421
2016-02-15,2016-02-22,77.71965349359606,76.10782420218142,79.2556032009182,82.58760980642441,12918895.15616463,1163324797.9524333
2016-02-08,2016-02-15,127.0502034179615,124.34886448318409,129.68696202575669,127.95184281979084,19091570.799870633,1871665908.9749794
2016-02-01,2016-02-08,159.91353142183138,168.8191094499696,173.8672500720594,169.58366170543337,20883289.582444515,2573337820.0023165
2016-01-25,2016-02-01,188.198673640949,151.3460628413043,177.73692452848542,147.68474564049563,23069056.468036383,2544721802.952411
2016-01-18,2016-01-25,287.9906890551199,275.6283621751248,283.82719970957936,283.8063462567221,43214681.70367634,4162922378.3744283
2016-01-11,2016-01-18,448.3357702072894,421.2148685403445,355.1924708971834,360.9722746133534,73527428.81364277,6132112612.971319
2016-01-04,2016-01-11,442.4413908766804,474.10485868022346,458.5125317932752,469.0875790806009,45659207.900267415,6931368502.480907
2015-12-28,2016-01-04,493.7415704752062,500.05616728221423,502.41916506989764,506.8831544007971,49490005.07314384,7534530750.331352
2015-12-21,2015-12-28,489.7580997582657,499.7394783025758,455.3054258277209,468.2298615015587,74246949.18315814,7292409273.283692
2015-12-14,2015-12-21,455.20231213872836,459.5607541210148,453.02669605063477,445.311855104502,76553436.06983991,6862880645.914593
2015-12-07,2015-12-14,465.32974266906047,551.3727813293747,489.3175903002603,538.2845289387693,93830500.55375282,7580832426.515858
2015-11-30,2015-12-07,422.5905801637579,450.038768610609,412.2527415488571,448.2127590907062,65501975.26655459,6353493730.304066
2015-11-23,2015-11-30,335.2582286693016,383.8153999197158,339.2013877734588,392.3074079355271,44062311.25940761,5258809442.256273
2015-11-16,2015-11-23,353.24062632396556,358.14389689351054,350.03043820931396,349.05663424323495,46345886.08815072,5300090681.081626
2015-11-09,2015-11-16,363.3857922859061,348.22038647168347,318.42672356793827,320.9113320238906,64998072.65391569,4957274854.086259
2015-11-02,2015-11-09,308.26962971383097,450.5969321415907,338.9189081494515,376.29240033230985,120304472.4902128,5343071282.717624
2015-10-26,2015-11-02,460.490326099484,441.13729460856985,469.78887887750415,441.21941770718485,76292676.78555322,7022308068.222029
2015-10-19,2015-10-26,505.361826729556,563.8217913664375,542.5244389742908,579.2426310071588,56408391.25759787,8025539754.936696
2015-10-12,2015-10-19,389.0777887845433,415.9054043165817,389.316037283826,416.5155925950095,40808481.534388386,5900103907.295005
2015-10-05,2015-10-12,356.472899357999,366.5911469994277,379.5900392345264,395.75306269517176,27848015.855998024,5398796410.031923
2015-09-28,2015-10-05,322.8973460093031,330.45280476024453,417.3090248482216,412.5136595934074,28718734.779372282,5333922555.927335
2015-09-21,2015-09-28,246.37778452653058,248.01060453805704,256.3096250602014,253.39955710493822,19710741.43628946,3663415858.3673434
2015-09-14,2015-09-21,246.27271493787947,272.9993142943816,260.507561411769,263.14764892851616,19819789.82443465,3710361443.4477034
2015-09-07,2015-09-14,185.08600665210713,188.26868278334408,185.26638930403524,184.96978730906702,16023132.424085736,2743797155.6660833
2015-08-31,2015-09-07,173.39968315811018,173.98703577695807,188.10417898268958,177.72387230575512,15023995.933683315,2537933867.56571
2015-08-24,2015-08-31,168.6904383442137,172.602327595063,161.70924796006838,185.13665718615036,26783747.154980514,2507729210.0897965
2015-08-17,2015-08-24,165.0715503534415,164.752496537418,178.07464524946428,190.2034595620997,23186002.400900267,2545172104.235783
2015-08-10,2015-08-17,377.6665237207169,370.85910332751484,403.8058522086385,365.286002744089,35608848.89186821,5636601344.268494
2015-08-03,2015-08-10,null,null,null,null,null,null
2015-07-27,2015-08-03,null,null,null,null,null,null
2015-07-20,2015-07-27,null,null,null,null,null,null
2015-07-13,2015-07-20,null,null,null,null,null,null
2015-07-06,2015-07-13,null,null,null,null,null,null
2015-06-29,2015-07-06,null,null,null,null,null,null
2015-06-22,2015-06-29,null,null,null,null,null,null
2015-06-15,2015-06-22,null,null,null,null,null,null
2015-06-08,2015-06-15,null,null,null,null,null,null
2015-06-01,2015-06-08,null,null,null,null,null,null
2015-05-25,2015-06-01,null,null,null,null,null,null
2015-05-18,2015-05-25,null,null,null,null,null,null
2015-05-11,2015-05-18,null,null,null,null,null,null
2015-05-04,2015-05-11,null,null,null,null,null,null
2015-04-27,2015-05-04,null,null,null,null,null,null
2015-04-20,2015-04-27,null,null,null,null,null,null
2015-04-13,2015-04-20,null,null,null,null,null,null
2015-04-06,2015-04-13,null,null,null,null,null,null
2015-03-30,2015-04-06,null,null,null,null,null,null
2015-03-23,2015-03-30,null,null,null,null,null,null
2015-03-16,2015-03-23,null,null,null,null,null,null
2015-03-09,2015-03-16,null,null,null,null,null,null
2015-03-02,2015-03-09,null,null,null,null,null,null
2015-02-23,2015-03-02,null,null,null,null,null,null
2015-02-16,2015-02-23,null,null,null,null,null,null
2015-02-09,2015-02-16,null,null,null,null,null,null
2015-02-02,2015-02-09,null,null,null,null,null,null
2015-01-26,2015-02-02,null,null,null,null,null,null
2015-01-19,2015-01-26,null,null,null,null,null,null
2015-01-12,2015-01-19,null,null,null,null,null,null
2015-01-05,2015-01-12,null,null,null,null,null,null
2014-12-29,2015-01-05,null,null,null,null,null,null
2014-12-22,2014-12-29,null,null,null,null,null,null
2014-12-15,2014-12-22,null,null,null,null,null,null
2014-12-08,2014-12-15,null,null,null,null,null,null
2014-12-01,2014-12-08,null,null,null,null,null,null
2014-11-24,2014-12-01,null,null,null,null,null,null
2014-11-17,2014-11-24,null,null,null,null,null,null
2014-11-10,2014-11-17,null,null,null,null,null,null
2014-11-03,2014-11-10,null,null,null,null,null,null
2014-10-27,2014-11-03,null,null,null,null,null,null
2014-10-20,2014-10-27,null,null,null,null,null,null
2014-10-13,2014-10-20,null,null,null,null,null,null
2014-10-06,2014-10-13,null,null,null,null,null,null
2014-09-29,2014-10-06,null,null,null,null,null,null
2014-09-22,2014-09-29,null,null,null,null,null,null
2014-09-15,2014-09-22,null,null,null,null,null,null
2014-09-08,2014-09-15,null,null,null,null,null,null
2014-09-01,2014-09-08,null,null,null,null,null,null
2014-08-25,2014-09-01,null,null,null,null,null,null
2014-08-18,2014-08-25,null,null,null,null,null,null
2014-08-11,2014-08-18,null,null,null,null,null,null
2014-08-04,2014-08-11,null,null,null,null,null,null
2014-07-28,2014-08-04,null,null,null,null,null,null
2014-07-21,2014-07-28,null,null,null,null,null,null
2014-07-14,2014-07-21,null,null,null,null,null,null
2014-07-07,2014-07-14,null,null,null,null,null,null
2014-06-30,2014-07-07,null,null,null,null,null,null
2014-06-23,2014-06-30,null,null,null,null,null,null
2014-06-16,2014-06-23,null,null,null,null,null,null
2014-06-09,2014-06-16,null,null,null,null,null,null
2014-06-02,2014-06-09,null,null,null,null,null,null
2014-05-26,2014-06-02,null,null,null,null,null,null
2014-05-19,2014-05-26,null,null,null,null,null,null
2014-05-12,2014-05-19,null,null,null,null,null,null
2014-05-05,2014-05-12,null,null,null,null,null,null
2014-04-28,2014-05-05,null,null,null,null,null,null
2014-04-21,2014-04-28,null,null,null,null,null,null
2014-04-14,2014-04-21,null,null,null,null,null,null
2014-04-07,2014-04-14,null,null,null,null,null,null
2014-03-31,2014-04-07,null,null,null,null,null,null
2014-03-24,2014-03-31,null,null,null,null,null,null
2014-03-17,2014-03-24,null,null,null,null,null,null
2014-03-10,2014-03-17,null,null,null,null,null,null
2014-03-03,2014-03-10,null,null,null,null,null,null
2014-02-24,2014-03-03,null,null,null,null,null,null
2014-02-17,2014-02-24,null,null,null,null,null,null
2014-02-10,2014-02-17,null,null,null,null,null,null
2014-02-03,2014-02-10,null,null,null,null,null,null
2014-01-27,2014-02-03,null,null,null,null,null,null
2014-01-20,2014-01-27,null,null,null,null,null,null
2014-01-13,2014-01-20,null,null,null,null,null,null
2014-01-06,2014-01-13,null,null,null,null,null,null
2013-12-30,2014-01-06,null,null,null,null,null,null
2013-12-23,2013-12-30,null,null,null,null,null,null
2013-12-16,2013-12-23,null,null,null,null,null,null
2013-12-09,2013-12-16,null,null,null,null,null,null
2013-12-02,2013-12-09,null,null,null,null,null,null
2013-11-25,2013-12-02,null,null,null,null,null,null
2013-11-18,2013-11-25,null,null,null,null,null,null
2013-11-11,2013-11-18,null,null,null,null,null,null
2013-11-04,2013-11-11,null,null,null,null,null,null
2013-10-28,2013-11-04,null,null,null,null,null,null
2013-10-21,2013-10-28,null,null,null,null,null,null
2013-10-14,2013-10-21,null,null,null,null,null,null
2013-10-07,2013-10-14,null,null,null,null,null,null
2013-09-30,2013-10-07,null,null,null,null,null,null
2013-09-23,2013-09-30,null,null,null,null,null,null
2013-09-16,2013-09-23,null,null,null,null,null,null
2013-09-09,2013-09-16,null,null,null,null,null,null
2013-09-02,2013-09-09,null,null,null,null,null,null
2013-08-26,2013-09-02,null,null,null,null,null,null
2013-08-19,2013-08-26,null,null,null,null,null,null
2013-08-12,2013-08-19,null,null,null,null,null,null
2013-08-05,2013-08-12,null,null,null,null,null,null
2013-07-29,2013-08-05,null,null,null,null,null,null
2013-07-22,2013-07-29,null,null,null,null,null,null
2013-07-15,2013-07-22,null,null,null,null,null,null
2013-07-08,2013-07-15,null,null,null,null,null,null
2013-07-01,2013-07-08,null,null,null,null,null,null
2013-06-24,2013-07-01,null,null,null,null,null,null
2013-06-17,2013-06-24,null,null,null,null,null,null
2013-06-10,2013-06-17,null,null,null,null,null,null
2013-06-03,2013-06-10,null,null,null,null,null,null
2013-05-27,2013-06-03,null,null,null,null,null,null
2013-05-20,2013-05-27,null,null,null,null,null,null
2013-05-13,2013-05-20,null,null,null,null,null,null
2013-05-06,2013-05-13,null,null,null,null,null,null
2013-04-29,2013-05-06,null,null,null,null,null,null
2013-04-22,2013-04-29,null,null,null,null,null,null
2013-04-15,2013-04-22,null,null,null,null,null,null
2013-04-08,2013-04-15,null,null,null,null,null,null
2013-04-01,2013-04-08,null,null,null,null,null,null
2013-03-25,2013-04-01,null,null,null,null,null,null
2013-03-18,2013-03-25,null,null,null,null,null,null
2013-03-11,2013-03-18,null,null,null,null,null,null
2013-03-04,2013-03-11,null,null,null,null,null,null
2013-02-25,2013-03-04,null,null,null,null,null,null
2013-02-18,2013-02-25,null,null,null,null,null,null
2013-02-11,2013-02-18,null,null,null,null,null,null
2013-02-04,2013-02-11,null,null,null,null,null,null
2013-01-28,2013-02-04,null,null,null,null,null,null
2013-01-21,2013-01-28,null,null,null,null,null,null
2013-01-14,2013-01-21,null,null,null,null,null,null
2013-01-07,2013-01-14,null,null,null,null,null,null
2012-12-31,2013-01-07,null,null,null,null,null,null
2012-12-24,2012-12-31,null,null,null,null,null,null
2012-12-17,2012-12-24,null,null,null,null,null,null
2012-12-10,2012-12-17,null,null,null,null,null,null
2012-12-03,2012-12-10,null,null,null,null,null,null
2012-11-26,2012-12-03,null,null,null,null,null,null
2012-11-19,2012-11-26,null,null,null,null,null,null
2012-11-12,2012-11-19,null,null,null,null,null,null
2012-11-05,2012-11-12,null,null,null,null,null,null
2012-10-29,2012-11-05,null,null,null,null,null,null
2012-10-22,2012-10-29,null,null,null,null,null,null
2012-10-15,2012-10-22,null,null,null,null,null,null
2012-10-08,2012-10-15,null,null,null,null,null,null
2012-10-01,2012-10-08,null,null,null,null,null,null
2012-09-24,2012-10-01,null,null,null,null,null,null
2012-09-17,2012-09-24,null,null,null,null,null,null
2012-09-10,2012-09-17,null,null,null,null,null,null
2012-09-03,2012-09-10,null,null,null,null,null,null
2012-08-27,2012-09-03,null,null,null,null,null,null
2012-08-20,2012-08-27,null,null,null,null,null,null
2012-08-13,2012-08-20,null,null,null,null,null,null
2012-08-06,2012-08-13,null,null,null,null,null,null
2012-07-30,2012-08-06,null,null,null,null,null,null
2012-07-23,2012-07-30,null,null,null,null,null,null
2012-07-16,2012-07-23,null,null,null,null,null,null
2012-07-09,2012-07-16,null,null,null,null,null,null
2012-07-02,2012-07-09,null,null,null,null,null,null
2012-06-25,2012-07-02,null,null,null,null,null,null
2012-06-18,2012-06-25,null,null,null,null,null,null
2012-06-11,2012-06-18,null,null,null,null,null,null
2012-06-04,2012-06-11,null,null,null,null,null,null
2012-05-28,2012-06-04,null,null,null,null,null,null
2012-05-21,2012-05-28,null,null,null,null,null,null
2012-05-14,2012-05-21,null,null,null,null,null,null
2012-05-07,2012-05-14,null,null,null,null,null,null
2012-04-30,2012-05-07,null,null,null,null,null,null
2012-04-23,2012-04-30,null,null,null,null,null,null
2012-04-16,2012-04-23,null,null,null,null,null,null
2012-04-09,2012-04-16,null,null,null,null,null,null
2012-04-02,2012-04-09,null,null,null,null,null,null
2012-03-26,2012-04-02,null,null,null,null,null,null
2012-03-19,2012-03-26,null,null,null,null,null,null
2012-03-12,2012-03-19,null,null,null,null,null,null
2012-03-05,2012-03-12,null,null,null,null,null,null
2012-02-27,2012-03-05,null,null,null,null,null,null
2012-02-20,2012-02-27,null,null,null,null,null,null
2012-02-13,2012-02-20,null,null,null,null,null,null
2012-02-06,2012-02-13,null,null,null,null,null,null
2012-01-30,2012-02-06,null,null,null,null,null,null
2012-01-23,2012-01-30,null,null,null,null,null,null
2012-01-16,2012-01-23,null,null,null,null,null,null
2012-01-09,2012-01-16,null,null,null,null,null,null
2012-01-02,2012-01-09,null,null,null,null,null,null
2011-12-26,2012-01-02,null,null,null,null,null,null
2011-12-19,2011-12-26,null,null,null,null,null,null
2011-12-12,2011-12-19,null,null,null,null,null,null
2011-12-05,2011-12-12,null,null,null,null,null,null
2011-11-28,2011-12-05,null,null,null,null,null,null
2011-11-21,2011-11-28,null,null,null,null,null,null
2011-11-14,2011-11-21,null,null,null,null,null,null
2011-11-07,2011-11-14,null,null,null,null,null,null
2011-10-31,2011-11-07,null,null,null,null,null,null
2011-10-24,2011-10-31,null,null,null,null,null,null
2011-10-17,2011-10-24,null,null,null,null,null,null
2011-10-10,2011-10-17,null,null,null,null,null,null
2011-10-03,2011-10-10,null,null,null,null,null,null
2011-09-26,2011-10-03,null,null,null,null,null,null
2011-09-19,2011-09-26,null,null,null,null,null,null
2011-09-12,2011-09-19,null,null,null,null,null,null
2011-09-05,2011-09-12,null,null,null,null,null,null
2011-08-29,2011-09-05,null,null,null,null,null,null
2011-08-22,2011-08-29,null,null,null,null,null,null
2011-08-15,2011-08-22,null,null,null,null,null,null
2011-08-08,2011-08-15,null,null,null,null,null,null
2011-08-01,2011-08-08,null,null,null,null,null,null
2011-07-25,2011-08-01,null,null,null,null,null,null
2011-07-18,2011-07-25,null,null,null,null,null,null
2011-07-11,2011-07-18,null,null,null,null,null,null
2011-07-04,2011-07-11,null,null,null,null,null,null
2011-06-27,2011-07-04,null,null,null,null,null,null
2011-06-20,2011-06-27,null,null,null,null,null,null
2011-06-13,2011-06-20,null,null,null,null,null,null
2011-06-06,2011-06-13,null,null,null,null,null,null
2011-05-30,2011-06-06,null,null,null,null,null,null
2011-05-23,2011-05-30,null,null,null,null,null,null
2011-05-16,2011-05-23,null,null,null,null,null,null
2011-05-09,2011-05-16,null,null,null,null,null,null
2011-05-02,2011-05-09,null,null,null,null,null,null
2011-04-25,2011-05-02,null,null,null,null,null,null
2011-04-18,2011-04-25,null,null,null,null,null,null
2011-04-11,2011-04-18,null,null,null,null,null,null
2011-04-04,2011-04-11,null,null,null,null,null,null
2011-03-28,2011-04-04,null,null,null,null,null,null
2011-03-21,2011-03-28,null,null,null,null,null,null
2011-03-14,2011-03-21,null,null,null,null,null,null
2011-03-07,2011-03-14,null,null,null,null,null,null
2011-02-28,2011-03-07,null,null,null,null,null,null
2011-02-21,2011-02-28,null,null,null,null,null,null
2011-02-14,2011-02-21,null,null,null,null,null,null
2011-02-07,2011-02-14,null,null,null,null,null,null
2011-01-31,2011-02-07,null,null,null,null,null,null
2011-01-24,2011-01-31,null,null,null,null,null,null
2011-01-17,2011-01-24,null,null,null,null,null,null
2011-01-10,2011-01-17,null,null,null,null,null,null
2011-01-03,2011-01-10,null,null,null,null,null,null
2010-12-27,2011-01-03,null,null,null,null,null,null
2010-12-20,2010-12-27,null,null,null,null,null,null
2010-12-13,2010-12-20,null,null,null,null,null,null
2010-12-06,2010-12-13,null,null,null,null,null,null
2010-11-29,2010-12-06,null,null,null,null,null,null
2010-11-22,2010-11-29,null,null,null,null,null,null
2010-11-15,2010-11-22,null,null,null,null,null,null
2010-11-08,2010-11-15,null,null,null,null,null,null
2010-11-01,2010-11-08,null,null,null,null,null,null
2010-10-25,2010-11-01,null,null,null,null,null,null
2010-10-18,2010-10-25,null,null,null,null,null,null
2010-10-11,2010-10-18,null,null,null,null,null,null
2010-10-04,2010-10-11,null,null,null,null,null,null
2010-09-27,2010-10-04,null,null,null,null,null,null
2010-09-20,2010-09-27,null,null,null,null,null,null
2010-09-13,2010-09-20,null,null,null,null,null,null
2010-09-06,2010-09-13,null,null,null,null,null,null
2010-08-30,2010-09-06,null,null,null,null,null,null
2010-08-23,2010-08-30,null,null,null,null,null,null
2010-08-16,2010-08-23,null,null,null,null,null,null
2010-08-09,2010-08-16,null,null,null,null,null,null
2010-08-02,2010-08-09,null,null,null,null,null,null
2010-07-26,2010-08-02,null,null,null,null,null,null
2010-07-19,2010-07-26,null,null,null,null,null,null
2010-07-18,2010-07-19,null,null,null,null,null,null